Team,FinalStyle
Bournemouth,Aggressive High-Activity
Tottenham,Aggressive High-Activity
Brighton,Aggressive High-Activity
Chelsea,Aggressive High-Activity
Arsenal,High-Output / Strong Performance
Aston Villa,High-Output / Strong Performance
Newcastle,High-Output / Strong Performance
Man United,High-Output / Strong Performance
Man City,High-Output / Strong Performance
Liverpool,High-Output / Strong Performance
Sunderland,Lower-Output / Struggling
Nott'm Forest,Lower-Output / Struggling
Fulham,Lower-Output / Struggling
West Ham,Lower-Output / Struggling
Everton,Lower-Output / Struggling
Crystal Palace,Lower-Output / Struggling
Burnley,Lower-Output / Struggling
Brentford,Lower-Output / Struggling
Leeds,Lower-Output / Struggling
Wolves,Lower-Output / Struggling
